"","row","column","cor","p"
"1","Id","MSSubClass",0.0111564782013826,0.670154065158715
"2","Id","LotFrontage",-0.019761319984431,0.450545490180035
"3","MSSubClass","LotFrontage",-0.215022885769652,0
"4","Id","LotArea",-0.0332255185856849,0.204509473357187
"5","MSSubClass","LotArea",-0.139781081720146,8.19412582231394e-08
"6","LotFrontage","LotArea",0.100738809705932,0.000115380244267271
"7","Id","OverallQual",-0.0283647539375372,0.278761662252176
"8","MSSubClass","OverallQual",0.0326277075218421,0.212776555960472
"9","LotFrontage","OverallQual",0.176561022350144,1.09028341910289e-11
"10","LotArea","OverallQual",0.105805741754964,5.10550869001758e-05
"11","Id","OverallCond",0.0126089247759518,0.630237335954717
"12","MSSubClass","OverallCond",-0.0593158170841045,0.0234202531342911
"13","LotFrontage","OverallCond",-0.0534569623580946,0.041121928131034
"14","LotArea","OverallCond",-0.0056362702740994,0.829627890688834
"15","OverallQual","OverallCond",-0.0919323426390723,0.000436171965364274
"16","Id","YearBuilt",-0.0127127153878464,0.627424024423543
"17","MSSubClass","YearBuilt",0.0278501369467074,0.287579261425838
"18","LotFrontage","YearBuilt",0.0368534286495705,0.159297094160348
"19","LotArea","YearBuilt",0.0142276517570264,0.586992329522498
"20","OverallQual","YearBuilt",0.572322768962361,0
"21","OverallCond","YearBuilt",-0.375983195606989,0
"22","Id","YearRemodAdd",-0.0219976418574979,0.400958610128028
"23","MSSubClass","YearRemodAdd",0.0405810447840397,0.121163142642154
"24","LotFrontage","YearRemodAdd",0.0786855145500818,0.00262402744213874
"25","LotArea","YearRemodAdd",0.0137884270781564,0.598590288479051
"26","OverallQual","YearRemodAdd",0.550683924193989,0
"27","OverallCond","YearRemodAdd",0.0737414981452608,0.0048160900376697
"28","YearBuilt","YearRemodAdd",0.592854976343266,0
"29","Id","MasVnrArea",-0.0510714013408837,0.0510526021840836
"30","MSSubClass","MasVnrArea",0.0235729681103823,0.36808010304787
"31","LotFrontage","MasVnrArea",0.105009832968027,5.81728473774135e-05
"32","LotArea","MasVnrArea",0.10332050563046,7.65095200634391e-05
"33","OverallQual","MasVnrArea",0.407252123524013,0
"34","OverallCond","MasVnrArea",-0.125693633619537,1.45184852473612e-06
"35","YearBuilt","MasVnrArea",0.311600106828602,0
"36","YearRemodAdd","MasVnrArea",0.176529180602002,1.0997425192727e-11
"37","Id","BsmtFinSF1",-0.00502404904166103,0.8478946148557
"38","MSSubClass","BsmtFinSF1",-0.0698357491671006,0.00759882019101887
"39","LotFrontage","BsmtFinSF1",0.0766699970075725,0.00337478392856294
"40","LotArea","BsmtFinSF1",0.214103130705577,0
"41","OverallQual","BsmtFinSF1",0.239665966178891,0
"42","OverallCond","BsmtFinSF1",-0.0462308559182251,0.0774109926525619
"43","YearBuilt","BsmtFinSF1",0.249503196684797,0
"44","YearRemodAdd","BsmtFinSF1",0.128450547128238,8.46643058993735e-07
"45","MasVnrArea","BsmtFinSF1",0.261256054913163,0
"46","Id","BsmtFinSF2",-0.00596767196028162,0.819777508729554
"47","MSSubClass","BsmtFinSF2",-0.065648579188524,0.0121077925337216
"48","LotFrontage","BsmtFinSF2",-0.00931230949382296,0.722195726437884
"49","LotArea","BsmtFinSF2",0.111169745496249,2.06860563429778e-05
"50","OverallQual","BsmtFinSF2",-0.0591186926706897,0.0238856732549055
"51","OverallCond","BsmtFinSF2",0.0402291698997677,0.124425644175575
"52","YearBuilt","BsmtFinSF2",-0.0491068311962388,0.0606698293717431
"53","YearRemodAdd","BsmtFinSF2",-0.0677585135659629,0.00960293646603239
"54","MasVnrArea","BsmtFinSF2",-0.0713296276444849,0.00639827187254882
"55","BsmtFinSF1","BsmtFinSF2",-0.050117400047151,0.0555504084702874
"56","Id","BsmtUnfSF",-0.00793970335771727,0.761797974756443
"57","MSSubClass","BsmtUnfSF",-0.140759480835012,6.63758854546614e-08
"58","LotFrontage","BsmtUnfSF",0.160829276822744,6.39849506711698e-10
"59","LotArea","BsmtUnfSF",-0.00261835995009534,0.92037459410208
"60","OverallQual","BsmtUnfSF",0.308158926905643,0
"61","OverallCond","BsmtUnfSF",-0.136840569893523,1.53009013015293e-07
"62","YearBuilt","BsmtUnfSF",0.149040391954395,1.05318649357145e-08
"63","YearRemodAdd","BsmtUnfSF",0.181133087050111,3.10462766606179e-12
"64","MasVnrArea","BsmtUnfSF",0.113862163081612,1.29392165018061e-05
"65","BsmtFinSF1","BsmtUnfSF",-0.495251469257012,0
"66","BsmtFinSF2","BsmtUnfSF",-0.209294492419945,6.66133814775094e-16
"67","Id","TotalBsmtSF",-0.015414566107911,0.556183154504893
"68","MSSubClass","TotalBsmtSF",-0.238518409315119,0
"69","LotFrontage","TotalBsmtSF",0.238273668696828,0
"70","LotArea","TotalBsmtSF",0.260833134545157,0
"71","OverallQual","TotalBsmtSF",0.537808498612391,0
"72","OverallCond","TotalBsmtSF",-0.171097514624922,4.68527439068112e-11
"73","YearBuilt","TotalBsmtSF",0.391452002066091,0
"74","YearRemodAdd","TotalBsmtSF",0.291065582604059,0
"75","MasVnrArea","TotalBsmtSF",0.360067368053638,0
"76","BsmtFinSF1","TotalBsmtSF",0.522396051992386,0
"77","BsmtFinSF2","TotalBsmtSF",0.104809537606368,6.01065968319769e-05
"78","BsmtUnfSF","TotalBsmtSF",0.415359605181589,0
"79","Id","X1stFlrSF",0.010496040954083,0.688625771330298
"80","MSSubClass","X1stFlrSF",-0.251758351878379,0
"81","LotFrontage","X1stFlrSF",0.245180931443891,0
"82","LotArea","X1stFlrSF",0.299474578507763,0
"83","OverallQual","X1stFlrSF",0.476223829078178,0
"84","OverallCond","X1stFlrSF",-0.14420278404906,3.12634844679138e-08
"85","YearBuilt","X1stFlrSF",0.281985858699806,0
"86","YearRemodAdd","X1stFlrSF",0.240379267603485,0
"87","MasVnrArea","X1stFlrSF",0.33985041368325,0
"88","BsmtFinSF1","X1stFlrSF",0.445862656092005,0
"89","BsmtFinSF2","X1stFlrSF",0.0971174484566701,0.000202031925892632
"90","BsmtUnfSF","X1stFlrSF",0.317987438352726,0
"91","TotalBsmtSF","X1stFlrSF",0.819529975005033,0
"92","Id","X2ndFlrSF",0.00558984888615865,0.831009868243611
"93","MSSubClass","X2ndFlrSF",0.307885720759859,0
"94","LotFrontage","X2ndFlrSF",0.0425492440723087,0.104131066254759
"95","LotArea","X2ndFlrSF",0.0509859482934938,0.0514426563844519
"96","OverallQual","X2ndFlrSF",0.295492879199709,0
"97","OverallCond","X2ndFlrSF",0.0289421159658167,0.269089825570578
"98","YearBuilt","X2ndFlrSF",0.0103076595843644,0.693929373536874
"99","YearRemodAdd","X2ndFlrSF",0.140023778804815,7.77796178574874e-08
"100","MasVnrArea","X2ndFlrSF",0.173800000435576,2.29123386930041e-11
"101","BsmtFinSF1","X2ndFlrSF",-0.137078986080054,1.4552474913998e-07
"102","BsmtFinSF2","X2ndFlrSF",-0.0992603160226442,0.000145358697404063
"103","BsmtUnfSF","X2ndFlrSF",0.00446909214454233,0.864523857607245
"104","TotalBsmtSF","X2ndFlrSF",-0.17451195013496,1.8940848889315e-11
"105","X1stFlrSF","X2ndFlrSF",-0.202646181002321,5.32907051820075e-15
"106","Id","LowQualFinSF",-0.0442299580865914,0.091142116121242
"107","MSSubClass","LowQualFinSF",0.0464737558995172,0.0758652064515841
"108","LotFrontage","LowQualFinSF",0.0499814302017865,0.0562175463401156
"109","LotArea","LowQualFinSF",0.00477896986634956,0.855230513380156
"110","OverallQual","LowQualFinSF",-0.0304292839796049,0.245245814761744
"111","OverallCond","LowQualFinSF",0.0254943199142137,0.330324501059801
"112","YearBuilt","LowQualFinSF",-0.183784344373718,1.47593048893668e-12
"113","YearRemodAdd","LowQualFinSF",-0.0624191000783123,0.0170645564706322
"114","MasVnrArea","LowQualFinSF",-0.0686279799073381,0.00871289697080058
"115","BsmtFinSF1","LowQualFinSF",-0.0645025969214686,0.0136976116447185
"116","BsmtFinSF2","LowQualFinSF",0.0148069979468337,0.571855447394464
"117","BsmtUnfSF","LowQualFinSF",0.0281666881327412,0.282133383184078
"118","TotalBsmtSF","LowQualFinSF",-0.0332453873474564,0.204238774620283
"119","X1stFlrSF","LowQualFinSF",-0.0142406726664312,0.586650097791088
"120","X2ndFlrSF","LowQualFinSF",0.0633529501093229,0.0154748217074903
"121","Id","GrLivArea",0.00827275766181023,0.75212677219359
"122","MSSubClass","GrLivArea",0.0748531796577996,0.00421373431070826
"123","LotFrontage","GrLivArea",0.220347231722138,0
"124","LotArea","GrLivArea",0.263116167167148,0
"125","OverallQual","GrLivArea",0.59300743002865,0
"126","OverallCond","GrLivArea",-0.0796858653883382,0.00231113816006023
"127","YearBuilt","GrLivArea",0.199009713676439,1.66533453693773e-14
"128","YearRemodAdd","GrLivArea",0.287388519650237,0
"129","MasVnrArea","GrLivArea",0.38805205222176,0
"130","BsmtFinSF1","GrLivArea",0.208171130145327,8.88178419700125e-16
"131","BsmtFinSF2","GrLivArea",-0.00963989155180542,0.712848772527432
"132","BsmtUnfSF","GrLivArea",0.240257268349935,0
"133","TotalBsmtSF","GrLivArea",0.454868202547902,0
"134","X1stFlrSF","GrLivArea",0.566023968935749,0
"135","X2ndFlrSF","GrLivArea",0.687501064166604,0
"136","LowQualFinSF","GrLivArea",0.134682813006601,2.39968839910176e-07
"137","Id","BsmtFullBath",0.0022885556008339,0.93037677578021
"138","MSSubClass","BsmtFullBath",0.00349102577904482,0.893973475679299
"139","LotFrontage","BsmtFullBath",0.0105143334451318,0.688111581501363
"140","LotArea","BsmtFullBath",0.158154531060015,1.2307999064376e-09
"141","OverallQual","BsmtFullBath",0.111097786142302,2.09440678082817e-05
"142","OverallCond","BsmtFullBath",-0.0549415154329518,0.0358080996924883
"143","YearBuilt","BsmtFullBath",0.187598549997143,4.9649173661237e-13
"144","YearRemodAdd","BsmtFullBath",0.119469879111197,4.70721590306589e-06
"145","MasVnrArea","BsmtFullBath",0.083010047801358,0.00150057197604858
"146","BsmtFinSF1","BsmtFullBath",0.649211753574265,0
"147","BsmtFinSF2","BsmtFullBath",0.158678060781701,1.083814371583e-09
"148","BsmtUnfSF","BsmtFullBath",-0.422900477383213,0
"149","TotalBsmtSF","BsmtFullBath",0.307350553735503,0
"150","X1stFlrSF","BsmtFullBath",0.24467110424771,0
"151","X2ndFlrSF","BsmtFullBath",-0.169493951730999,7.12407910441470e-11
"152","LowQualFinSF","BsmtFullBath",-0.0471434218982592,0.07173345585552
"153","GrLivArea","BsmtFullBath",0.0348360495449055,0.183403874290882
"154","Id","BsmtHalfBath",-0.0201547452155342,0.44157856806603
"155","MSSubClass","BsmtHalfBath",-0.00233253455180231,0.929042328947885
"156","LotFrontage","BsmtHalfBath",-0.0278556577591312,0.28748367958928
"157","LotArea","BsmtHalfBath",0.0480455708882968,0.0664603295255222
"158","OverallQual","BsmtHalfBath",-0.0401501576699883,0.125167554164037
"159","OverallCond","BsmtHalfBath",0.117820915081393,6.36748786053687e-06
"160","YearBuilt","BsmtHalfBath",-0.0381618056712331,0.144994269090657
"161","YearRemodAdd","BsmtHalfBath",-0.012337032127794,0.637632517519862
"162","MasVnrArea","BsmtHalfBath",0.0274026623334642,0.295397651774152
"163","BsmtFinSF1","BsmtHalfBath",0.0674184779101171,0.00997247893984587
"164","BsmtFinSF2","BsmtHalfBath",0.0709481336559043,0.00668744527231535
"165","BsmtUnfSF","BsmtHalfBath",-0.095804288152483,0.000246396598266418
"166","TotalBsmtSF","BsmtHalfBath",-0.000314581819833749,0.990417748903046
"167","X1stFlrSF","BsmtHalfBath",0.00195565358204871,0.940484050726978
"168","X2ndFlrSF","BsmtHalfBath",-0.0238547839370453,0.36238024765406
"169","LowQualFinSF","BsmtHalfBath",-0.00584150481931166,0.823524366008942
"170","GrLivArea","BsmtHalfBath",-0.0189184831706347,0.470097928078452
"171","BsmtFullBath","BsmtHalfBath",-0.147870960547601,1.37450708592723e-08
"172","Id","FullBath",0.00558745290735738,0.83108121140372
"173","MSSubClass","FullBath",0.131608222410281,4.50211176783455e-07
"174","LotFrontage","FullBath",0.120547870238365,3.85527236623773e-06
"175","LotArea","FullBath",0.126030626519643,1.36004486117614e-06
"176","OverallQual","FullBath",0.550599709368255,0
"177","OverallCond","FullBath",-0.194149488749302,7.23865412055602e-14
"178","YearBuilt","FullBath",0.468270787172647,0
"179","YearRemodAdd","FullBath",0.439046483872196,0
"180","MasVnrArea","FullBath",0.272998855726434,0
"181","BsmtFinSF1","FullBath",0.0585431368615951,0.0252907276910246
"182","BsmtFinSF2","FullBath",-0.0764438619651826,0.00347020213741867
"183","BsmtUnfSF","FullBath",0.288886055486911,0
"184","TotalBsmtSF","FullBath",0.323722413606649,0
"185","X1stFlrSF","FullBath",0.380637494973507,0
"186","X2ndFlrSF","FullBath",0.421377982875972,0
"187","LowQualFinSF","FullBath",-0.000709509620673199,0.978390257388845
"188","GrLivArea","FullBath",0.630011646251115,0
"189","BsmtFullBath","FullBath",-0.064512048631315,0.013683779804559
"190","BsmtHalfBath","FullBath",-0.0545358119836355,0.0371987231192294
"191","Id","HalfBath",0.00678381128429781,0.795642931421111
"192","MSSubClass","HalfBath",0.177354388643917,8.78808137372289e-12
"193","LotFrontage","HalfBath",-0.0129521028060804,0.620955921911007
"194","LotArea","HalfBath",0.0142594685664319,0.586156243555014
"195","OverallQual","HalfBath",0.27345809864277,0
"196","OverallCond","HalfBath",-0.0607693267615949,0.0202248475756226
"197","YearBuilt","HalfBath",0.242655910241062,0
"198","YearRemodAdd","HalfBath",0.183330611718471,1.67754699020861e-12
"199","MasVnrArea","HalfBath",0.199107519412196,1.59872115546023e-14
"200","BsmtFinSF1","HalfBath",0.00426242438448688,0.870732402910952
"201","BsmtFinSF2","HalfBath",-0.0321478374689658,0.219585014231024
"202","BsmtUnfSF","HalfBath",-0.0411175301445516,0.116318108070045
"203","TotalBsmtSF","HalfBath",-0.0488037386352123,0.0622793093589611
"204","X1stFlrSF","HalfBath",-0.119915908793961,4.33488119466752e-06
"205","X2ndFlrSF","HalfBath",0.609707300271744,0
"206","LowQualFinSF","HalfBath",-0.0270800493171695,0.301121854237649
"207","GrLivArea","HalfBath",0.415771636105265,0
"208","BsmtFullBath","HalfBath",-0.0309049591425333,0.237941636195597
"209","BsmtHalfBath","HalfBath",-0.0123399000522755,0.637554323066923
"210","FullBath","HalfBath",0.136380588749145,1.68512995113446e-07
"211","Id","BedroomAbvGr",0.0377185542232109,0.149725393170515
"212","MSSubClass","BedroomAbvGr",-0.0234380284606273,0.370828952575934
"213","LotFrontage","BedroomAbvGr",0.144493646107002,2.93130704154265e-08
"214","LotArea","BedroomAbvGr",0.119689908151316,4.51987124527875e-06
"215","OverallQual","BedroomAbvGr",0.101676356241784,9.94991103713261e-05
"216","OverallCond","BedroomAbvGr",0.0129800600945512,0.620202425377648
"217","YearBuilt","BedroomAbvGr",-0.0706512169047234,0.00692057344737917
"218","YearRemodAdd","BedroomAbvGr",-0.0405809280677191,0.12116421361571
"219","MasVnrArea","BedroomAbvGr",0.102774516136891,8.35206474283368e-05
"220","BsmtFinSF1","BedroomAbvGr",-0.10735467682307,3.94996761996502e-05
"221","BsmtFinSF2","BedroomAbvGr",-0.0157281136265809,0.548177866595815
"222","BsmtUnfSF","BedroomAbvGr",0.166643316986963,1.4858003716256e-10
"223","TotalBsmtSF","BedroomAbvGr",0.0504499555126782,0.0539464481775003
"224","X1stFlrSF","BedroomAbvGr",0.127400749392365,1.04103407716494e-06
"225","X2ndFlrSF","BedroomAbvGr",0.502900613345906,0
"226","LowQualFinSF","BedroomAbvGr",0.105606568540905,5.27546172033322e-05
"227","GrLivArea","BedroomAbvGr",0.521269510918994,0
"228","BsmtFullBath","BedroomAbvGr",-0.150672809207956,7.23718640571747e-09
"229","BsmtHalfBath","BedroomAbvGr",0.0465188483899507,0.0755810308843279
"230","FullBath","BedroomAbvGr",0.363251983023277,0
"231","HalfBath","BedroomAbvGr",0.226651484150945,0
"232","Id","KitchenAbvGr",0.00295123635772464,0.910291993274372
"233","MSSubClass","KitchenAbvGr",0.281721040264882,0
"234","LotFrontage","KitchenAbvGr",0.0344246580739473,0.188635170205012
"235","LotArea","KitchenAbvGr",-0.0177838705048419,0.49714266432074
"236","OverallQual","KitchenAbvGr",-0.183882234549221,1.43574041544525e-12
"237","OverallCond","KitchenAbvGr",-0.0870008554363806,0.000875465764103467
"238","YearBuilt","KitchenAbvGr",-0.174800245614975,1.75317538264608e-11
"239","YearRemodAdd","KitchenAbvGr",-0.149597521042671,9.27032273168038e-09
"240","MasVnrArea","KitchenAbvGr",-0.0384501120808553,0.141978939339097
"241","BsmtFinSF1","KitchenAbvGr",-0.0810068507785749,0.00195023321126886
"242","BsmtFinSF2","KitchenAbvGr",-0.0407512364484073,0.119609341279604
"243","BsmtUnfSF","KitchenAbvGr",0.0300858683139999,0.250615835630946
"244","TotalBsmtSF","KitchenAbvGr",-0.0689006426420168,0.00844936481218306
"245","X1stFlrSF","KitchenAbvGr",0.0681005881769127,0.00924353418575041
"246","X2ndFlrSF","KitchenAbvGr",0.0593057526482161,0.0234438238412613
"247","LowQualFinSF","KitchenAbvGr",0.00752174434423399,0.773987250097701
"248","GrLivArea","KitchenAbvGr",0.100063164737754,0.00012827425557882
"249","BsmtFullBath","KitchenAbvGr",-0.0415025464314827,0.112935712858294
"250","BsmtHalfBath","KitchenAbvGr",-0.037944350227201,0.147300823450107
"251","FullBath","KitchenAbvGr",0.133115214196038,3.31317193458247e-07
"252","HalfBath","KitchenAbvGr",-0.0682625488969416,0.00907759070543301
"253","BedroomAbvGr","KitchenAbvGr",0.198596757707133,1.88737914186277e-14
"254","Id","TotRmsAbvGrd",0.0272387244094558,0.29829728272884
"255","MSSubClass","TotRmsAbvGrd",0.0403800647836762,0.123018295378435
"256","LotFrontage","TotRmsAbvGrd",0.22139624080763,0
"257","LotArea","TotRmsAbvGrd",0.190014777625409,2.46025422256935e-13
"258","OverallQual","TotRmsAbvGrd",0.427452343277989,0
"259","OverallCond","TotRmsAbvGrd",-0.0575831661128658,0.0277933535904507
"260","YearBuilt","TotRmsAbvGrd",0.0955891282979675,0.000254483349423573
"261","YearRemodAdd","TotRmsAbvGrd",0.191739816292713,1.48325796089921e-13
"262","MasVnrArea","TotRmsAbvGrd",0.279567887525776,0
"263","BsmtFinSF1","TotRmsAbvGrd",0.0443156239129211,0.0905166082541728
"264","BsmtFinSF2","TotRmsAbvGrd",-0.0352265479475232,0.178538327070337
"265","BsmtUnfSF","TotRmsAbvGrd",0.250647061376249,0
"266","TotalBsmtSF","TotRmsAbvGrd",0.285572563725795,0
"267","X1stFlrSF","TotRmsAbvGrd",0.409515978866832,0
"268","X2ndFlrSF","TotRmsAbvGrd",0.616422635491543,0
"269","LowQualFinSF","TotRmsAbvGrd",0.131184775989548,4.90423982313359e-07
"270","GrLivArea","TotRmsAbvGrd",0.825489374308843,0
"271","BsmtFullBath","TotRmsAbvGrd",-0.0532752361233972,0.0418160840934709
"272","BsmtHalfBath","TotRmsAbvGrd",-0.0238363412622204,0.362751561800446
"273","FullBath","TotRmsAbvGrd",0.554784253533483,0
"274","HalfBath","TotRmsAbvGrd",0.343414857540918,0
"275","BedroomAbvGr","TotRmsAbvGrd",0.676619935742649,0
"276","KitchenAbvGr","TotRmsAbvGrd",0.256045408535948,0
"277","Id","Fireplaces",-0.0197716324423927,0.450309142193305
"278","MSSubClass","Fireplaces",-0.0455693402745695,0.0817510990355563
"279","LotFrontage","Fireplaces",0.0440176415616553,0.0927073633770594
"280","LotArea","Fireplaces",0.271364009624542,0
"281","OverallQual","Fireplaces",0.396765037952089,0
"282","OverallCond","Fireplaces",-0.0238199777616623,0.363081214218114
"283","YearBuilt","Fireplaces",0.147716399412453,1.42352005738644e-08
"284","YearRemodAdd","Fireplaces",0.112581318439439,1.61963306206658e-05
"285","MasVnrArea","Fireplaces",0.247015277362144,0
"286","BsmtFinSF1","Fireplaces",0.260010920235041,0
"287","BsmtFinSF2","Fireplaces",0.0469207088260121,0.0730866293918659
"288","BsmtUnfSF","Fireplaces",0.051574882289542,0.048804350692158
"289","TotalBsmtSF","Fireplaces",0.339519323898656,0
"290","X1stFlrSF","Fireplaces",0.410531084659847,0
"291","X2ndFlrSF","Fireplaces",0.194560892241324,6.3948846218409e-14
"292","LowQualFinSF","Fireplaces",-0.0212721434139388,0.416675051575888
"293","GrLivArea","Fireplaces",0.461679133761447,0
"294","BsmtFullBath","Fireplaces",0.137927708427198,1.21647378392709e-07
"295","BsmtHalfBath","Fireplaces",0.0289755866462599,0.268536276950061
"296","FullBath","Fireplaces",0.243670503079912,0
"297","HalfBath","Fireplaces",0.203648508095219,3.99680288865056e-15
"298","BedroomAbvGr","Fireplaces",0.107569680991324,3.81070386907822e-05
"299","KitchenAbvGr","Fireplaces",-0.123936235296898,2.03553496325171e-06
"300","TotRmsAbvGrd","Fireplaces",0.326114480177201,0
"301","Id","GarageYrBlt",7.23902359995377e-05,0.997857071629309
"302","MSSubClass","GarageYrBlt",0.0850718695066512,0.00156687870041727
"303","LotFrontage","GarageYrBlt",0.0440454746359016,0.102062878139709
"304","LotArea","GarageYrBlt",-0.0249474186656383,0.354589643341445
"305","OverallQual","GarageYrBlt",0.54776584483516,0
"306","OverallCond","GarageYrBlt",-0.324296732529407,0
"307","YearBuilt","GarageYrBlt",0.82566748417405,0
"308","YearRemodAdd","GarageYrBlt",0.642276779703671,0
"309","MasVnrArea","GarageYrBlt",0.248545927058367,0
"310","BsmtFinSF1","GarageYrBlt",0.15348409802677,1.01370434268944e-08
"311","BsmtFinSF2","GarageYrBlt",-0.0880108154121964,0.00106918693210778
"312","BsmtUnfSF","GarageYrBlt",0.190708273458927,9.25481913327530e-13
"313","TotalBsmtSF","GarageYrBlt",0.322445173679451,0
"314","X1stFlrSF","GarageYrBlt",0.233449092714844,0
"315","X2ndFlrSF","GarageYrBlt",0.0708323397173791,0.0085066108020353
"316","LowQualFinSF","GarageYrBlt",-0.0363632340423381,0.177155088718687
"317","GrLivArea","GarageYrBlt",0.231196740633349,0
"318","BsmtFullBath","GarageYrBlt",0.124552524423647,3.49887156403383e-06
"319","BsmtHalfBath","GarageYrBlt",-0.0774636123806972,0.00399799575082804
"320","FullBath","GarageYrBlt",0.484557386719523,0
"321","HalfBath","GarageYrBlt",0.196785175805856,1.66533453693773e-13
"322","BedroomAbvGr","GarageYrBlt",-0.0645184369843916,0.0165656341213554
"323","KitchenAbvGr","GarageYrBlt",-0.124411401569986,3.58965986735349e-06
"324","TotRmsAbvGrd","GarageYrBlt",0.14811171558598,3.28311813291293e-08
"325","Fireplaces","GarageYrBlt",0.0468216484019041,0.0821943819115054
"326","Id","GarageCars",0.0165696771121461,0.526976840770216
"327","MSSubClass","GarageCars",-0.0401097931357834,0.125547896682366
"328","LotFrontage","GarageCars",0.165228607207365,2.12986295267115e-10
"329","LotArea","GarageCars",0.154870739753541,2.70681299596731e-09
"330","OverallQual","GarageCars",0.600670716590715,0
"331","OverallCond","GarageCars",-0.185757510578364,8.42437231085569e-13
"332","YearBuilt","GarageCars",0.537850091711083,0
"333","YearRemodAdd","GarageCars",0.42062215494308,0
"334","MasVnrArea","GarageCars",0.361944566177457,0
"335","BsmtFinSF1","GarageCars",0.224053522393991,0
"336","BsmtFinSF2","GarageCars",-0.0382635128692515,0.143924991439675
"337","BsmtUnfSF","GarageCars",0.214175189750218,0
"338","TotalBsmtSF","GarageCars",0.434584834291689,0
"339","X1stFlrSF","GarageCars",0.43931680799067,0
"340","X2ndFlrSF","GarageCars",0.18392558307638,1.41797684705125e-12
"341","LowQualFinSF","GarageCars",-0.0944795201559328,0.000300284699756181
"342","GrLivArea","GarageCars",0.467247418795187,0
"343","BsmtFullBath","GarageCars",0.131881224406194,4.25990754227001e-07
"344","BsmtHalfBath","GarageCars",-0.0208910589968785,0.425073864300121
"345","FullBath","GarageCars",0.469672043267627,0
"346","HalfBath","GarageCars",0.219178152167161,0
"347","BedroomAbvGr","GarageCars",0.0861064376883525,0.000989755903725964
"348","KitchenAbvGr","GarageCars",-0.0506338924022169,0.0530760064761688
"349","TotRmsAbvGrd","GarageCars",0.362288570814774,0
"350","Fireplaces","GarageCars",0.300788766301356,0
"351","GarageYrBlt","GarageCars",0.588920007004666,0
"352","Id","GarageArea",0.0176337784537669,0.50078127524045
"353","MSSubClass","GarageArea",-0.0986715431925642,0.000159224244921319
"354","LotFrontage","GarageArea",0.201473353168341,7.7715611723761e-15
"355","LotArea","GarageArea",0.180402755151116,3.80273590394609e-12
"356","OverallQual","GarageArea",0.562021756612607,0
"357","OverallCond","GarageArea",-0.15152137057023,5.94533755560178e-09
"358","YearBuilt","GarageArea",0.478953819893471,0
"359","YearRemodAdd","GarageArea",0.371599809497199,0
"360","MasVnrArea","GarageArea",0.370884152808898,0
"361","BsmtFinSF1","GarageArea",0.296970385344513,0
"362","BsmtFinSF2","GarageArea",-0.0182265919073165,0.486492456864817
"363","BsmtUnfSF","GarageArea",0.183302697742584,1.69064762189919e-12
"364","TotalBsmtSF","GarageArea",0.486665463773796,0
"365","X1stFlrSF","GarageArea",0.489781654104192,0
"366","X2ndFlrSF","GarageArea",0.138346958571866,1.11296439619935e-07
"367","LowQualFinSF","GarageArea",-0.0676014132395222,0.00977212601880395
"368","GrLivArea","GarageArea",0.468997477322965,0
"369","BsmtFullBath","GarageArea",0.179189480420231,5.31685806492987e-12
"370","BsmtHalfBath","GarageArea",-0.0245355795788793,0.34884023228895
"371","FullBath","GarageArea",0.405656208454009,0
"372","HalfBath","GarageArea",0.163549364016607,3.25264259970481e-10
"373","BedroomAbvGr","GarageArea",0.0652525298988161,0.0126377249402612
"374","KitchenAbvGr","GarageArea",-0.0644330471831443,0.0137997721868681
"375","TotRmsAbvGrd","GarageArea",0.337822120636839,0
"376","Fireplaces","GarageArea",0.269141238073873,0
"377","GarageYrBlt","GarageArea",0.564567060723045,0
"378","GarageCars","GarageArea",0.882475414281462,0
"379","Id","WoodDeckSF",-0.0296431971564025,0.25765815249646
"380","MSSubClass","WoodDeckSF",-0.0125793582492196,0.63103973935711
"381","LotFrontage","WoodDeckSF",-0.0167797588666671,0.52175034133565
"382","LotArea","WoodDeckSF",0.171697687257113,4.00102173614414e-11
"383","OverallQual","WoodDeckSF",0.238923392249186,0
"384","OverallCond","WoodDeckSF",-0.00333369928938531,0.898725340042969
"385","YearBuilt","WoodDeckSF",0.224880142303996,0
"386","YearRemodAdd","WoodDeckSF",0.205725920490038,1.99840144432528e-15
"387","MasVnrArea","WoodDeckSF",0.159990529618351,7.86473330904869e-10
"388","BsmtFinSF1","WoodDeckSF",0.204306145237403,3.10862446895044e-15
"389","BsmtFinSF2","WoodDeckSF",0.0678983264136123,0.00945456407645207
"390","BsmtUnfSF","WoodDeckSF",-0.00531642433306197,0.839160252755244
"391","TotalBsmtSF","WoodDeckSF",0.232018609129018,0
"392","X1stFlrSF","WoodDeckSF",0.235458622783698,0
"393","X2ndFlrSF","WoodDeckSF",0.0921654175860388,0.000421685372067326
"394","LowQualFinSF","WoodDeckSF",-0.0254436479887911,0.331286905984279
"395","GrLivArea","WoodDeckSF",0.247432820518848,0
"396","BsmtFullBath","WoodDeckSF",0.175315190079722,1.52655665885959e-11
"397","BsmtHalfBath","WoodDeckSF",0.0401612232595346,0.125063443398269
"398","FullBath","WoodDeckSF",0.187703213835828,4.81836792687318e-13
"399","HalfBath","WoodDeckSF",0.108080302675363,3.49838534328129e-05
"400","BedroomAbvGr","WoodDeckSF",0.0468537730698939,0.0734973753022898
"401","KitchenAbvGr","WoodDeckSF",-0.0901302726790346,0.000564874119338032
"402","TotRmsAbvGrd","WoodDeckSF",0.165983883714933,1.75802927770974e-10
"403","Fireplaces","WoodDeckSF",0.200018795759024,1.22124532708767e-14
"404","GarageYrBlt","WoodDeckSF",0.224576991987928,0
"405","GarageCars","WoodDeckSF",0.22634213846986,0
"406","GarageArea","WoodDeckSF",0.224666307178763,0
"407","Id","OpenPorchSF",-0.000476911324791092,0.985473599229957
"408","MSSubClass","OpenPorchSF",-0.00610012123194218,0.815848506036339
"409","LotFrontage","OpenPorchSF",0.0696049521475414,0.00780129636335269
"410","LotArea","OpenPorchSF",0.0847738088402164,0.0011858323836067
"411","OverallQual","OpenPorchSF",0.308818823359451,0
"412","OverallCond","OpenPorchSF",-0.0325888135215853,0.213322651771143
"413","YearBuilt","OpenPorchSF",0.188685840001727,3.62376795237651e-13
"414","YearRemodAdd","OpenPorchSF",0.226297632682918,0
"415","MasVnrArea","OpenPorchSF",0.122528331831902,2.65963943268943e-06
"416","BsmtFinSF1","OpenPorchSF",0.111760613356751,1.86788874896315e-05
"417","BsmtFinSF2","OpenPorchSF",0.00309256220989438,0.906015594027125
"418","BsmtUnfSF","OpenPorchSF",0.129005414615421,7.58523205135475e-07
"419","TotalBsmtSF","OpenPorchSF",0.247263746288108,0
"420","X1stFlrSF","OpenPorchSF",0.211671225497984,4.44089209850063e-16
"421","X2ndFlrSF","OpenPorchSF",0.208026063181358,8.88178419700125e-16
"422","LowQualFinSF","OpenPorchSF",0.0182510390539991,0.48590796173926
"423","GrLivArea","OpenPorchSF",0.330223961712,0
"424","BsmtFullBath","OpenPorchSF",0.0673414613769818,0.0100579160262155
"425","BsmtHalfBath","OpenPorchSF",-0.0253237578890577,0.333571167162047
"426","FullBath","OpenPorchSF",0.259977425468249,0
"427","HalfBath","OpenPorchSF",0.199740147512793,1.33226762955019e-14
"428","BedroomAbvGr","OpenPorchSF",0.0938095716059144,0.000331559333909048
"429","KitchenAbvGr","OpenPorchSF",-0.070090609892586,0.00738071201852564
"430","TotRmsAbvGrd","OpenPorchSF",0.234191587831599,0
"431","Fireplaces","OpenPorchSF",0.169405327131202,7.29012405997764e-11
"432","GarageYrBlt","OpenPorchSF",0.228424578771969,0
"433","GarageCars","OpenPorchSF",0.213569445589692,0
"434","GarageArea","OpenPorchSF",0.241434672138088,0
"435","WoodDeckSF","OpenPorchSF",0.0586606085658874,0.0249982866405527
"436","Id","EnclosedPorch",0.00288921786575011,0.912169447104868
"437","MSSubClass","EnclosedPorch",-0.0120366219020947,0.645845427808362
"438","LotFrontage","EnclosedPorch",0.0273661048744428,0.296042617795181
"439","LotArea","EnclosedPorch",-0.0183397336722124,0.483790594331413
"440","OverallQual","EnclosedPorch",-0.113936858595682,1.27699597689546e-05
"441","OverallCond","EnclosedPorch",0.0703561844823037,0.00715941978788703
"442","YearBuilt","EnclosedPorch",-0.387267782928072,0
"443","YearRemodAdd","EnclosedPorch",-0.193919147099139,7.7715611723761e-14
"444","MasVnrArea","EnclosedPorch",-0.109906797260216,2.56853852360628e-05
"445","BsmtFinSF1","EnclosedPorch",-0.102303305500732,9.00549606934753e-05
"446","BsmtFinSF2","EnclosedPorch",0.0365433394482101,0.162838230177655
"447","BsmtUnfSF","EnclosedPorch",-0.00253785458975151,0.922815030731941
"448","TotalBsmtSF","EnclosedPorch",-0.0954777367064078,0.000258767027689677
"449","X1stFlrSF","EnclosedPorch",-0.0652917009103091,0.0125844134310216
"450","X2ndFlrSF","EnclosedPorch",0.0619886907732521,0.0178442528605722
"451","LowQualFinSF","EnclosedPorch",0.0610812377712269,0.0195909368662646
"452","GrLivArea","EnclosedPorch",0.00911321032600306,0.727897069075944
"453","BsmtFullBath","EnclosedPorch",-0.0499106490837532,0.0565674640228937
"454","BsmtHalfBath","EnclosedPorch",-0.00855533386857803,0.743951656650951
"455","FullBath","EnclosedPorch",-0.115092963461342,1.04047494506876e-05
"456","HalfBath","EnclosedPorch",-0.0953165257360899,0.000265086300303086
"457","BedroomAbvGr","EnclosedPorch",0.0415704345195982,0.112347422843261
"458","KitchenAbvGr","EnclosedPorch",0.0373123850329695,0.154163181660663
"459","TotRmsAbvGrd","EnclosedPorch",0.00415129902385641,0.874074059060083
"460","Fireplaces","EnclosedPorch",-0.0248218685370685,0.343243529354694
"461","GarageYrBlt","EnclosedPorch",-0.297002603055717,0
"462","GarageCars","EnclosedPorch",-0.151434160026837,6.06701044958413e-09
"463","GarageArea","EnclosedPorch",-0.121776719561004,3.06413264139493e-06
"464","WoodDeckSF","EnclosedPorch",-0.125988888037601,1.37110507036908e-06
"465","OpenPorchSF","EnclosedPorch",-0.093079317508649,0.000369103289500572
"466","Id","X3SsnPorch",-0.0466347888674276,0.0748543499230869
"467","MSSubClass","X3SsnPorch",-0.0438245491756085,0.094149536862485
"468","LotFrontage","X3SsnPorch",0.0234987244183133,0.369590946279641
"469","LotArea","X3SsnPorch",0.0204228295861334,0.435527344728578
"470","OverallQual","X3SsnPorch",0.0303705671352646,0.246158214400472
"471","OverallCond","X3SsnPorch",0.0255036600241323,0.33014730315656
"472","YearBuilt","X3SsnPorch",0.0313545130643632,0.231180877397956
"473","YearRemodAdd","X3SsnPorch",0.0452858098149611,0.0836707082007846
"474","MasVnrArea","X3SsnPorch",0.0191437843295132,0.464825920996348
"475","BsmtFinSF1","X3SsnPorch",0.026450506189899,0.312503205198269
"476","BsmtFinSF2","X3SsnPorch",-0.029993397993921,0.25207571141004
"477","BsmtUnfSF","X3SsnPorch",0.0207640056965479,0.427895830522999
"478","TotalBsmtSF","X3SsnPorch",0.0373837272630049,0.153376552577453
"479","X1stFlrSF","X3SsnPorch",0.0561043744848753,0.0320651499791271
"480","X2ndFlrSF","X3SsnPorch",-0.0243576484220479,0.352347646489704
"481","LowQualFinSF","X3SsnPorch",-0.00429561041030011,0.869734908391707
"482","GrLivArea","X3SsnPorch",0.0206431897101864,0.430589338915293
"483","BsmtFullBath","X3SsnPorch",-0.000106091539983967,0.9967683529438
"484","BsmtHalfBath","X3SsnPorch",0.0351136308867724,0.179935289728289
"485","FullBath","X3SsnPorch",0.0353530165838529,0.176983298310708
"486","HalfBath","X3SsnPorch",-0.00497248841731605,0.849436896431654
"487","BedroomAbvGr","X3SsnPorch",-0.0244777963661143,0.349976829251218
"488","KitchenAbvGr","X3SsnPorch",-0.0246003586905317,0.347568814173322
"489","TotRmsAbvGrd","X3SsnPorch",-0.00668324101093962,0.798606932179812
"490","Fireplaces","X3SsnPorch",0.0112572389927749,0.667352990309631
"491","GarageYrBlt","X3SsnPorch",0.0235436895736653,0.382324926474344
"492","GarageCars","X3SsnPorch",0.0357652851464538,0.171984129707729
"493","GarageArea","X3SsnPorch",0.0350867002081597,0.180269660032649
"494","WoodDeckSF","X3SsnPorch",-0.0327706335935744,0.21077844845034
"495","OpenPorchSF","X3SsnPorch",-0.00584249934013574,0.823494815319744
"496","EnclosedPorch","X3SsnPorch",-0.037305282788046,0.154241659298068
"497","Id","ScreenPorch",0.00133020863017279,0.959497888183058
"498","MSSubClass","ScreenPorch",-0.0260301766998066,0.320257836156078
"499","LotFrontage","ScreenPorch",0.0229687320109966,0.38048771624836
"500","LotArea","ScreenPorch",0.0431603776952519,0.0992477749456364
"501","OverallQual","ScreenPorch",0.0648863604935153,0.0131458188689948
"502","OverallCond","ScreenPorch",0.0548105287861152,0.0362521580475497
"503","YearBuilt","ScreenPorch",-0.0503644345386113,0.0543551933783992
"504","YearRemodAdd","ScreenPorch",-0.0387400107425955,0.138995705353214
"505","MasVnrArea","ScreenPorch",0.0622477111932162,0.0173713796256973
"506","BsmtFinSF1","ScreenPorch",0.06202062266535,0.0177853548822751
"507","BsmtFinSF2","ScreenPorch",0.0888712513733905,0.000674880150629331
"508","BsmtUnfSF","ScreenPorch",-0.0125792734442568,0.63104204149723
"509","TotalBsmtSF","ScreenPorch",0.0844889859143115,0.00123214055699394
"510","X1stFlrSF","ScreenPorch",0.0887580726201567,0.00068568678083647
"511","X2ndFlrSF","ScreenPorch",0.040606447641001,0.120930225351751
"512","LowQualFinSF","ScreenPorch",0.0267994130217725,0.306160891080683
"513","GrLivArea","ScreenPorch",0.101510395682086,0.00010215116058987
"514","BsmtFullBath","ScreenPorch",0.0231477257635738,0.376785707977144
"515","BsmtHalfBath","ScreenPorch",0.0321214072090834,0.219964497795819
"516","FullBath","ScreenPorch",-0.00810609332811184,0.756961604573562
"517","HalfBath","ScreenPorch",0.0724258451703808,0.00562883925735291
"518","BedroomAbvGr","ScreenPorch",0.0442996911271347,0.0906326831069091
"519","KitchenAbvGr","ScreenPorch",-0.0516133660614798,0.0486359748909027
"520","TotRmsAbvGrd","ScreenPorch",0.0593825995594108,0.0232643698446062
"521","Fireplaces","ScreenPorch",0.184530269516849,1.19504406370652e-12
"522","GarageYrBlt","ScreenPorch",-0.075417513761902,0.0050775444517428
"523","GarageCars","ScreenPorch",0.0504937919271983,0.0537379287579292
"524","GarageArea","ScreenPorch",0.0514117624452085,0.0495234765523205
"525","WoodDeckSF","ScreenPorch",-0.0741813512398324,0.00456902146302118
"526","OpenPorchSF","ScreenPorch",0.0743039438502431,0.004502234600956
"527","EnclosedPorch","ScreenPorch",-0.0828642448326034,0.00152976163536778
"528","X3SsnPorch","ScreenPorch",-0.0314358470390957,0.22997242086642
"529","Id","PoolArea",0.0570439047892524,0.0292906468836955
"530","MSSubClass","PoolArea",0.00828270757962444,0.751838436031625
"531","LotFrontage","PoolArea",0.114106358602384,1.23936737161934e-05
"532","LotArea","PoolArea",0.0776723918801745,0.00297990466808606
"533","OverallQual","PoolArea",0.0651658436058917,0.0127564150657706
"534","OverallCond","PoolArea",-0.00198494226818439,0.939594405526955
"535","YearBuilt","PoolArea",0.00494972761594316,0.850117901150829
"536","YearRemodAdd","PoolArea",0.00582937203710596,0.823884893482324
"537","MasVnrArea","PoolArea",0.0119283940295965,0.648814936818935
"538","BsmtFinSF1","PoolArea",0.140491286254957,7.0331849455485e-08
"539","BsmtFinSF2","PoolArea",0.0417090546813336,0.111153696282769
"540","BsmtUnfSF","PoolArea",-0.035092240793658,0.180200830680352
"541","TotalBsmtSF","PoolArea",0.126053132100838,1.35411676760455e-06
"542","X1stFlrSF","PoolArea",0.131524975640283,4.57857083357993e-07
"543","X2ndFlrSF","PoolArea",0.0814868780490996,0.00183244186335219
"544","LowQualFinSF","PoolArea",0.0621573722691894,0.0175350426104379
"545","GrLivArea","PoolArea",0.170205336000562,5.91842130859277e-11
"546","BsmtFullBath","PoolArea",0.067615556180475,0.00975678677482739
"547","BsmtHalfBath","PoolArea",0.020024629838517,0.44453279392708
"548","FullBath","PoolArea",0.0496038255840338,0.0581052986589048
"549","HalfBath","PoolArea",0.02238149805541,0.392789017260258
"550","BedroomAbvGr","PoolArea",0.0707025835654747,0.0068797277386663
"551","KitchenAbvGr","PoolArea",-0.014525116015981,0.579197163591233
"552","TotRmsAbvGrd","PoolArea",0.0837573495149244,0.00135884777339879
"553","Fireplaces","PoolArea",0.0950735220361988,0.000274885407757441
"554","GarageYrBlt","PoolArea",-0.0145006785637042,0.590562504841241
"555","GarageCars","PoolArea",0.0209335310414654,0.424132949952646
"556","GarageArea","PoolArea",0.06104727170206,0.0196591159878285
"557","WoodDeckSF","PoolArea",0.0733782069564541,0.00502919095185339
"558","OpenPorchSF","PoolArea",0.0607621114899259,0.0202397206467504
"559","EnclosedPorch","PoolArea",0.0542025622921398,0.038375107508535
"560","X3SsnPorch","PoolArea",-0.00799154887286894,0.76029000124436
"561","ScreenPorch","PoolArea",0.0513073945179056,0.0499882321956646
"562","Id","MiscVal",-0.00624240484830241,0.811632924603017
"563","MSSubClass","MiscVal",-0.00768329132986593,0.769269138767259
"564","LotFrontage","MiscVal",-0.0596057301030129,0.0227500478088727
"565","LotArea","MiscVal",0.0380676920191833,0.145989119117363
"566","OverallQual","MiscVal",-0.0314062105007464,0.230412238435908
"567","OverallCond","MiscVal",0.0687768060572501,0.00856815889389173
"568","YearBuilt","MiscVal",-0.0343831387367217,0.189169180587407
"569","YearRemodAdd","MiscVal",-0.0102862487830784,0.694533118099241
"570","MasVnrArea","MiscVal",-0.0295122486574665,0.259767404213275
"571","BsmtFinSF1","MiscVal",0.00357147347495471,0.891545103400531
"572","BsmtFinSF2","MiscVal",0.0049397812284377,0.850415532845694
"573","BsmtUnfSF","MiscVal",-0.0238366451345078,0.362745441884096
"574","TotalBsmtSF","MiscVal",-0.018478922431472,0.480477908497645
"575","X1stFlrSF","MiscVal",-0.0210957194631223,0.420551082872828
"576","X2ndFlrSF","MiscVal",0.0161968746043885,0.536316838957488
"577","LowQualFinSF","MiscVal",-0.00379287077999646,0.884867376043298
"578","GrLivArea","MiscVal",-0.00241563955029365,0.926521233366598
"579","BsmtFullBath","MiscVal",-0.023047024868617,0.378865698762739
"580","BsmtHalfBath","MiscVal",-0.00736652454362545,0.778528443565134
"581","FullBath","MiscVal",-0.0142898449708481,0.585358524003673
"582","HalfBath","MiscVal",0.00129014484928399,0.960716747343919
"583","BedroomAbvGr","MiscVal",0.00776697199871767,0.766828515778794
"584","KitchenAbvGr","MiscVal",0.0623407240043793,0.0172042721672241
"585","TotRmsAbvGrd","MiscVal",0.0247628841635841,0.344391910701971
"586","Fireplaces","MiscVal",0.00140860544304518,0.957113100597979
"587","GarageYrBlt","MiscVal",-0.0324174578212594,0.228959592983654
"588","GarageCars","MiscVal",-0.0430801281022306,0.0998784045481704
"589","GarageArea","MiscVal",-0.0273999144126249,0.295446099345815
"590","WoodDeckSF","MiscVal",-0.00955122823837248,0.715374438113278
"591","OpenPorchSF","MiscVal",-0.0185837389876493,0.477991453037784
"592","EnclosedPorch","MiscVal",0.0183606001394477,0.483293185974107
"593","X3SsnPorch","MiscVal",0.000353965277939405,0.989218186531284
"594","ScreenPorch","MiscVal",0.0319457607749081,0.222498361374357
"595","PoolArea","MiscVal",0.0296686508540218,0.2572495388778
"596","Id","MoSold",0.0211721765503935,0.418868731278731
"597","MSSubClass","MoSold",-0.0135846432383227,0.604006343566209
"598","LotFrontage","MoSold",0.0189419429708998,0.469547438384672
"599","LotArea","MoSold",0.00120498822258766,0.963307765916216
"600","OverallQual","MoSold",0.0708151717851737,0.00679095584091494
"601","OverallCond","MoSold",-0.00351083859994024,0.89337531820462
"602","YearBuilt","MoSold",0.0123984705954339,0.635958269699621
"603","YearRemodAdd","MoSold",0.0214900022268607,0.411917861835111
"604","MasVnrArea","MoSold",-0.00672320393463994,0.797428797645081
"605","BsmtFinSF1","MoSold",-0.0157269482621547,0.548207514297396
"606","BsmtFinSF2","MoSold",-0.0152107379720067,0.561417534297511
"607","BsmtUnfSF","MoSold",0.0348884430090821,0.182745418344751
"608","TotalBsmtSF","MoSold",0.0131961786167789,0.614391144881545
"609","X1stFlrSF","MoSold",0.0313715603520794,0.230927216997654
"610","X2ndFlrSF","MoSold",0.035164427361791,0.179305856162968
"611","LowQualFinSF","MoSold",-0.0221739605795378,0.397193441278317
"612","GrLivArea","MoSold",0.0502396808182726,0.0549560768969293
"613","BsmtFullBath","MoSold",-0.0253608943152599,0.33286252565055
"614","BsmtHalfBath","MoSold",0.0328727052340907,0.209359809119996
"615","FullBath","MoSold",0.0558721289917231,0.0327846955735325
"616","HalfBath","MoSold",-0.00904988821265021,0.729713516836383
"617","BedroomAbvGr","MoSold",0.0465438599362822,0.0754237811995009
"618","KitchenAbvGr","MoSold",0.0265889072309156,0.309977123983193
"619","TotRmsAbvGrd","MoSold",0.0369070771598442,0.158690393169721
"620","Fireplaces","MoSold",0.0463571024977197,0.0766044055044417
"621","GarageYrBlt","MoSold",0.00533702576038483,0.843036030386264
"622","GarageCars","MoSold",0.040521730128252,0.121708360168034
"623","GarageArea","MoSold",0.0279737998235409,0.285443417626118
"624","WoodDeckSF","MoSold",0.0210110442942974,0.422418881964148
"625","OpenPorchSF","MoSold",0.0712548847586894,0.00645402571458709
"626","EnclosedPorch","MoSold",-0.0288872657071424,0.269998647154889
"627","X3SsnPorch","MoSold",0.0294737952499402,0.260389054124512
"628","ScreenPorch","MoSold",0.023216991793307,0.375359101289331
"629","PoolArea","MoSold",-0.0337366402627913,0.197628384374857
"630","MiscVal","MoSold",-0.00649455022128214,0.804175813690398
"631","Id","YrSold",0.00071179401698839,0.97832069793963
"632","MSSubClass","YrSold",-0.0214070378494806,0.413725675303447
"633","LotFrontage","YrSold",-0.0120939601824442,0.644274483220947
"634","LotArea","YrSold",-0.0142614072974045,0.58610531518907
"635","OverallQual","YrSold",-0.0273467083254353,0.296385203995786
"636","OverallCond","YrSold",0.0439497456887628,0.0932124327585138
"637","YearBuilt","YrSold",-0.0136176800000831,0.603126818397836
"638","YearRemodAdd","YrSold",0.035743247124238,0.172248663755081
"639","MasVnrArea","YrSold",-0.00831662258027355,0.750855881950424
"640","BsmtFinSF1","YrSold",0.0143589223926681,0.583546348758117
"641","BsmtFinSF2","YrSold",0.0317056369822264,0.225996048208161
"642","BsmtUnfSF","YrSold",-0.0412581949353069,0.115073255961152
"643","TotalBsmtSF","YrSold",-0.0149686480177184,0.567665248820459
"644","X1stFlrSF","YrSold",-0.0136037705033153,0.603497055501308
"645","X2ndFlrSF","YrSold",-0.0286999139328602,0.273118752927068
"646","LowQualFinSF","YrSold",-0.0289208797798766,0.269441441721878
"647","GrLivArea","YrSold",-0.0365258196212506,0.163040058048077
"648","BsmtFullBath","YrSold",0.0670491376658369,0.0103881573308144
"649","BsmtHalfBath","YrSold",-0.0465238817701628,0.0755493641366183
"650","FullBath","YrSold",-0.0196688406899098,0.452668128199898
"651","HalfBath","YrSold",-0.0102686688672974,0.695028983646469
"652","BedroomAbvGr","YrSold",-0.0360138928310553,0.169020965375571
"653","KitchenAbvGr","YrSold",0.031687206498169,0.226266120928799
"654","TotRmsAbvGrd","YrSold",-0.0345163542995143,0.18745973493219
"655","Fireplaces","YrSold",-0.02409556497866,0.357554341594381
"656","GarageYrBlt","YrSold",-0.00101427786496266,0.96998193090315
"657","GarageCars","YrSold",-0.0391169041094835,0.135189628183786
"658","GarageArea","YrSold",-0.0273779404161123,0.295833705921429
"659","WoodDeckSF","YrSold",0.0222704510073357,0.395142002130496
"660","OpenPorchSF","YrSold",-0.0576193601372864,0.0276952630647731
"661","EnclosedPorch","YrSold",-0.00991593695468717,0.705005563492599
"662","X3SsnPorch","YrSold",0.0186449254031811,0.476543245571894
"663","ScreenPorch","YrSold",0.0106941060028692,0.683065987543292
"664","PoolArea","YrSold",-0.0596889316702951,0.0225608078643997
"665","MiscVal","YrSold",0.00490626245225619,0.851418691753883
"666","MoSold","YrSold",-0.145721412663391,2.23027387669106e-08
"667","Id","SalePrice",-0.0219167194434311,0.402693799755773
"668","MSSubClass","SalePrice",-0.0842841351265951,0.00126647168474947
"669","LotFrontage","SalePrice",0.209623944799484,4.44089209850063e-16
"670","LotArea","SalePrice",0.263843353871406,0
"671","OverallQual","SalePrice",0.790981600583805,0
"672","OverallCond","SalePrice",-0.0778558940486785,0.00291235126791545
"673","YearBuilt","SalePrice",0.52289733287949,0
"674","YearRemodAdd","SalePrice",0.507100967111216,0
"675","MasVnrArea","SalePrice",0.472614499004574,0
"676","BsmtFinSF1","SalePrice",0.386419806242153,0
"677","BsmtFinSF2","SalePrice",-0.0113781214502151,0.663998650834092
"678","BsmtUnfSF","SalePrice",0.214479105546969,0
"679","TotalBsmtSF","SalePrice",0.613580551559195,0
"680","X1stFlrSF","SalePrice",0.605852184691914,0
"681","X2ndFlrSF","SalePrice",0.319333802832068,0
"682","LowQualFinSF","SalePrice",-0.0256061300006796,0.328207309840531
"683","GrLivArea","SalePrice",0.708624477612652,0
"684","BsmtFullBath","SalePrice",0.227122233131494,0
"685","BsmtHalfBath","SalePrice",-0.016844154297359,0.520153635727757
"686","FullBath","SalePrice",0.560663762748446,0
"687","HalfBath","SalePrice",0.284107675594783,0
"688","BedroomAbvGr","SalePrice",0.168213154300739,9.9274810594352e-11
"689","KitchenAbvGr","SalePrice",-0.135907370842141,1.86042603100844e-07
"690","TotRmsAbvGrd","SalePrice",0.533723155582029,0
"691","Fireplaces","SalePrice",0.466928836751528,0
"692","GarageYrBlt","SalePrice",0.486361677487845,0
"693","GarageCars","SalePrice",0.640409197258352,0
"694","GarageArea","SalePrice",0.623431438918361,0
"695","WoodDeckSF","SalePrice",0.32441344456813,0
"696","OpenPorchSF","SalePrice",0.315856227116055,0
"697","EnclosedPorch","SalePrice",-0.128577957925957,8.2557704761399e-07
"698","X3SsnPorch","SalePrice",0.0445836653357484,0.0885817035805618
"699","ScreenPorch","SalePrice",0.111446571142911,1.97214001946833e-05
"700","PoolArea","SalePrice",0.0924035494918732,0.000407348960119513
"701","MiscVal","SalePrice",-0.0211895796403032,0.418486349408036
"702","MoSold","SalePrice",0.0464322452238194,0.0761275785060462
"703","YrSold","SalePrice",-0.0289225851663322,0.269413193320565
